,Column 1,Column 2,Column 3
Column 1,1,,
Column 2,0.536871675,1,
Column 3,0.913866316,0.274267739,1